Algorithm,Time (seconds),Cost,Path,Cost length?,Start Point,Goal Point
a_star,0.003152291988953948,37.48528137423857,36,203,"(39, 5)","(4, 11)"
dijkstra,0.016431083000497892,37.485281374238575,36,1098,"(39, 5)","(4, 11)"
theta_star,0.0034313329961150885,35.843819352437784,4,146,"(39, 5)","(4, 11)"
jps,0.0018439589766785502,37.485281374238575,7,7,"(39, 5)","(4, 11)"
lazy_theta_star,0.0028573749877978116,35.843819352437784,4,128,"(39, 5)","(4, 11)"
a_star,0.00042899997788481414,12.071067811865476,11,30,"(1, 17)","(11, 12)"
dijkstra,0.0033987500064540654,12.071067811865476,11,214,"(1, 17)","(11, 12)"
theta_star,0.00034149998100474477,11.180339887498949,2,14,"(1, 17)","(11, 12)"
jps,0.000776416010921821,12.071067811865474,4,4,"(1, 17)","(11, 12)"
lazy_theta_star,0.00029804097721353173,11.180339887498949,2,14,"(1, 17)","(11, 12)"
a_star,0.0012062920141033828,22.48528137423857,21,85,"(16, 9)","(26, 25)"
dijkstra,0.008624750014860183,22.48528137423857,21,604,"(16, 9)","(26, 25)"
theta_star,0.0010805840138345957,21.22560186321499,4,49,"(16, 9)","(26, 25)"
jps,0.0029260420124046504,21.899494936611667,10,18,"(16, 9)","(26, 25)"
lazy_theta_star,0.0010172920010518283,21.22560186321499,4,50,"(16, 9)","(26, 25)"
a_star,0.0038409580010920763,31.899494936611667,30,266,"(21, 29)","(35, 7)"
dijkstra,0.015764125011628494,31.89949493661167,30,1077,"(21, 29)","(35, 7)"
theta_star,0.0045778329949826,30.02252097399598,4,225,"(21, 29)","(35, 7)"
jps,0.006334125006105751,30.727922061357855,9,35,"(21, 29)","(35, 7)"
lazy_theta_star,0.004549917008262128,30.02252097399598,4,227,"(21, 29)","(35, 7)"
a_star,0.0007182080007623881,16.72792206135786,14,51,"(34, 12)","(47, 3)"
dijkstra,0.008824832999380305,16.72792206135786,14,592,"(34, 12)","(47, 3)"
theta_star,0.00042808300349861383,15.811388300841896,2,16,"(34, 12)","(47, 3)"
jps,0.0008750830020289868,16.727922061357855,4,5,"(34, 12)","(47, 3)"
lazy_theta_star,0.0003220419748686254,15.811388300841896,2,16,"(34, 12)","(47, 3)"
a_star,0.0033067080075852573,32.798989873223334,28,222,"(47, 10)","(25, 29)"
dijkstra,0.012359082989860326,32.798989873223334,28,864,"(47, 10)","(25, 29)"
theta_star,0.0025910829717759043,30.533164752809665,4,120,"(47, 10)","(25, 29)"
jps,0.004605791007634252,31.627416997969522,11,21,"(47, 10)","(25, 29)"
lazy_theta_star,0.00260979201993905,30.512629450773563,4,121,"(47, 10)","(25, 29)"
a_star,0.0011689169914461672,20.48528137423857,19,82,"(20, 19)","(12, 3)"
dijkstra,0.013009332993533462,20.48528137423857,19,855,"(20, 19)","(12, 3)"
theta_star,0.0013414999993983656,20.0,3,67,"(20, 19)","(12, 3)"
jps,0.0017855410114862025,19.899494936611667,5,12,"(20, 19)","(12, 3)"
lazy_theta_star,0.0012804580037482083,20.0,4,68,"(20, 19)","(12, 3)"
a_star,9.683400276117027e-05,8.485281374238571,7,7,"(8, 21)","(2, 27)"
dijkstra,0.002677874988876283,8.485281374238571,7,186,"(8, 21)","(2, 27)"
theta_star,0.00014099999680183828,8.485281374238571,4,7,"(8, 21)","(2, 27)"
jps,0.0002949170011561364,8.48528137423857,2,2,"(8, 21)","(2, 27)"
lazy_theta_star,0.00015483400784432888,8.485281374238571,4,7,"(8, 21)","(2, 27)"
a_star,0.0006700840021949261,13.828427124746192,14,49,"(8, 20)","(19, 24)"
dijkstra,0.005050541978562251,13.828427124746192,14,352,"(8, 20)","(19, 24)"
theta_star,0.0007845420041121542,13.21215328128927,3,40,"(8, 20)","(19, 24)"
jps,0.0016670830082148314,13.242640687119287,6,8,"(8, 20)","(19, 24)"
lazy_theta_star,0.001045000011799857,13.21215328128927,3,40,"(8, 20)","(19, 24)"
a_star,0.004551666992483661,49.69848480983499,42,303,"(8, 29)","(49, 8)"
dijkstra,0.01890620801714249,49.69848480983498,42,1312,"(8, 29)","(49, 8)"
theta_star,0.00254229101119563,46.16049988544404,4,109,"(8, 29)","(49, 8)"
jps,0.007582249992992729,49.69848480983499,15,38,"(8, 29)","(49, 8)"
lazy_theta_star,0.0031703750137239695,46.16049988544404,4,120,"(8, 29)","(49, 8)"
a_star,0.003193959011696279,27.48528137423857,26,219,"(38, 6)","(27, 26)"
dijkstra,0.012932583020301536,27.48528137423857,26,890,"(38, 6)","(27, 26)"
theta_star,0.0035543749982025474,25.806680246949597,3,169,"(38, 6)","(27, 26)"
jps,0.004773084016051143,26.899494936611664,8,22,"(38, 6)","(27, 26)"
lazy_theta_star,0.003583124984288588,25.806680246949597,3,170,"(38, 6)","(27, 26)"
a_star,4.045802052132785e-05,2.8284271247461903,3,3,"(36, 9)","(34, 7)"
dijkstra,0.00029658302082680166,2.8284271247461903,3,22,"(36, 9)","(34, 7)"
theta_star,5.316600436344743e-05,2.8284271247461903,2,3,"(36, 9)","(34, 7)"
jps,0.0002472089836373925,2.8284271247461903,2,2,"(36, 9)","(34, 7)"
lazy_theta_star,4.749998333863914e-05,2.8284271247461903,2,3,"(36, 9)","(34, 7)"
a_star,0.0020671249949373305,32.485281374238575,31,138,"(49, 23)","(19, 29)"
dijkstra,0.010437124990858138,32.48528137423857,31,731,"(49, 23)","(19, 29)"
theta_star,0.0009919590083882213,30.62534494913802,3,39,"(49, 23)","(19, 29)"
jps,0.0014222079771570861,32.48528137423857,4,7,"(49, 23)","(19, 29)"
lazy_theta_star,0.0008448750013485551,30.62534494913802,3,41,"(49, 23)","(19, 29)"
a_star,0.0034701669937931,31.142135623730955,28,216,"(40, 29)","(28, 4)"
dijkstra,0.012426749977748841,31.142135623730955,28,858,"(40, 29)","(28, 4)"
theta_star,0.003234542004065588,29.21785339513093,3,147,"(40, 29)","(28, 4)"
jps,0.004689249995863065,30.556349186104047,8,20,"(40, 29)","(28, 4)"
lazy_theta_star,0.0032749579986557364,29.21785339513093,3,148,"(40, 29)","(28, 4)"
a_star,0.0007611250039190054,20.242640687119287,20,55,"(46, 11)","(27, 8)"
dijkstra,0.007554625015472993,20.242640687119287,20,524,"(46, 11)","(27, 8)"
theta_star,0.0005224579945206642,19.235384061671343,2,22,"(46, 11)","(27, 8)"
jps,0.0017284580098930746,20.242640687119287,5,8,"(46, 11)","(27, 8)"
lazy_theta_star,0.0004196670197416097,19.235384061671343,2,22,"(46, 11)","(27, 8)"
a_star,0.00038812498678453267,12.65685424949238,12,27,"(14, 12)","(23, 6)"
dijkstra,0.003897792019415647,12.65685424949238,12,273,"(14, 12)","(23, 6)"
theta_star,0.0003186670073773712,11.913714425143521,3,17,"(14, 12)","(23, 6)"
jps,0.001187541987746954,12.071067811865476,7,7,"(14, 12)","(23, 6)"
lazy_theta_star,0.0003190829884260893,11.913714425143521,3,18,"(14, 12)","(23, 6)"
a_star,0.0009336250077467412,15.242640687119287,15,66,"(23, 4)","(19, 17)"
dijkstra,0.005055749992607161,15.242640687119287,15,352,"(23, 4)","(19, 17)"
theta_star,0.0010023750073742121,14.341664064126334,3,46,"(23, 4)","(19, 17)"
jps,0.0012411249917931855,14.65685424949238,5,6,"(23, 4)","(19, 17)"
lazy_theta_star,0.0009848339832387865,14.341664064126334,3,47,"(23, 4)","(19, 17)"
a_star,0.000843416026327759,19.071067811865476,18,62,"(42, 27)","(47, 10)"
dijkstra,0.0062575420015491545,19.071067811865476,18,418,"(42, 27)","(47, 10)"
theta_star,0.0005879590171389282,17.923372338740343,3,26,"(42, 27)","(47, 10)"
jps,0.0008148750057443976,19.071067811865476,4,4,"(42, 27)","(47, 10)"
lazy_theta_star,0.00048058401443995535,17.923372338740343,3,26,"(42, 27)","(47, 10)"
a_star,0.00031308300094679,16.55634918610405,13,22,"(1, 9)","(12, 21)"
dijkstra,0.05883012499543838,16.55634918610405,13,262,"(1, 9)","(12, 21)"
theta_star,0.00030195797444321215,16.28700006222703,4,13,"(1, 9)","(12, 21)"
jps,0.0013298749981913716,16.556349186104047,6,6,"(1, 9)","(12, 21)"
lazy_theta_star,0.0002415000053588301,16.28700006222703,4,13,"(1, 9)","(12, 21)"
a_star,0.00034649998997338116,9.242640687119286,9,25,"(18, 24)","(16, 19)"
dijkstra,0.0022554580064024776,9.242640687119286,9,162,"(18, 24)","(16, 19)"
theta_star,0.00037320799310691655,8.071067811865476,4,21,"(18, 24)","(16, 19)"
jps,0.0008569580095354468,8.071067811865476,6,7,"(18, 24)","(16, 19)"
lazy_theta_star,0.0003061660099774599,7.848191962583275,4,18,"(18, 24)","(16, 19)"
a_star,0.0005634169792756438,11.82842712474619,12,42,"(30, 15)","(31, 19)"
dijkstra,0.003319916024338454,11.82842712474619,12,234,"(30, 15)","(31, 19)"
theta_star,0.0007154580089263618,11.32455532033676,4,38,"(30, 15)","(31, 19)"
jps,0.0007630829932168126,10.65685424949238,6,6,"(30, 15)","(31, 19)"
lazy_theta_star,0.0007306660118047148,11.32455532033676,4,40,"(30, 15)","(31, 19)"
a_star,0.0010480829805601388,23.55634918610405,20,79,"(7, 15)","(26, 26)"
dijkstra,0.009558374993503094,23.55634918610405,20,664,"(7, 15)","(26, 26)"
theta_star,0.0007002090278547257,22.082933934074255,4,34,"(7, 15)","(26, 26)"
jps,0.002080500009469688,23.556349186104047,9,10,"(7, 15)","(26, 26)"
lazy_theta_star,0.0007734590035397559,22.09172148649141,4,39,"(7, 15)","(26, 26)"
a_star,3.8124999264255166e-05,2.414213562373095,3,3,"(20, 15)","(19, 13)"
dijkstra,0.0001732500095386058,2.414213562373095,3,14,"(20, 15)","(19, 13)"
theta_star,4.808299127034843e-05,2.23606797749979,2,3,"(20, 15)","(19, 13)"
jps,0.0003339999821037054,2.414213562373095,3,3,"(20, 15)","(19, 13)"
lazy_theta_star,4.458299372345209e-05,2.23606797749979,2,3,"(20, 15)","(19, 13)"
a_star,0.0014612919767387211,25.48528137423857,24,104,"(17, 11)","(40, 17)"
dijkstra,0.015703000011853874,25.48528137423857,24,1034,"(17, 11)","(40, 17)"
theta_star,0.0011678330192808062,23.97524190773005,3,50,"(17, 11)","(40, 17)"
jps,0.0027472499932628125,25.48528137423857,7,16,"(17, 11)","(40, 17)"
lazy_theta_star,0.0009195419843308628,23.82425372172028,3,45,"(17, 11)","(40, 17)"
a_star,0.005379624984925613,47.62741699796951,42,364,"(45, 25)","(4, 9)"
dijkstra,0.018204874999355525,47.62741699796952,42,1264,"(45, 25)","(4, 9)"
theta_star,0.0014342080103233457,44.12416992508387,4,60,"(45, 25)","(4, 9)"
jps,0.009231292002368718,47.62741699796952,14,48,"(45, 25)","(4, 9)"
lazy_theta_star,0.0015040829894132912,44.25526075280618,5,73,"(45, 25)","(4, 9)"
a_star,0.0002769579878076911,8.242640687119286,8,21,"(28, 19)","(25, 14)"
dijkstra,0.0012995419965591282,8.242640687119284,8,97,"(28, 19)","(25, 14)"
theta_star,0.0003633749729488045,7.63441361516796,3,20,"(28, 19)","(25, 14)"
jps,0.0005967080069240183,7.65685424949238,6,6,"(28, 19)","(25, 14)"
lazy_theta_star,0.0006992080016061664,7.63441361516796,3,20,"(28, 19)","(25, 14)"
a_star,0.001744249981129542,28.384776310850242,24,119,"(22, 29)","(2, 13)"
dijkstra,0.013346333988010883,28.384776310850242,24,913,"(22, 29)","(2, 13)"
theta_star,0.0014331669954117388,26.469129668890496,3,67,"(22, 29)","(2, 13)"
jps,0.0013144580007065088,27.79898987322333,7,7,"(22, 29)","(2, 13)"
lazy_theta_star,0.0013987919955980033,26.469129668890496,3,70,"(22, 29)","(2, 13)"
a_star,0.001508375018602237,31.07106781186548,30,104,"(3, 9)","(32, 14)"
dijkstra,0.011082499986514449,31.071067811865476,30,777,"(3, 9)","(32, 14)"
theta_star,0.0009031669760588557,29.45941468683175,3,36,"(3, 9)","(32, 14)"
jps,0.0015482089947909117,31.071067811865476,4,8,"(3, 9)","(32, 14)"
lazy_theta_star,0.000709082989487797,29.45941468683175,3,36,"(3, 9)","(32, 14)"
a_star,0.0022974589955992997,38.65685424949238,38,159,"(1, 24)","(38, 20)"
dijkstra,0.0136642080033198,38.65685424949238,38,939,"(1, 24)","(38, 20)"
theta_star,0.0018949999939650297,37.392447489569506,4,86,"(1, 24)","(38, 20)"
jps,0.0029558329842984676,38.656854249492376,7,16,"(1, 24)","(38, 20)"
lazy_theta_star,0.002039375016465783,37.45881868112314,3,104,"(1, 24)","(38, 20)"
a_star,0.00021412500063888729,10.899494936611667,9,15,"(48, 15)","(41, 7)"
dijkstra,0.0020457920036278665,10.899494936611667,9,149,"(48, 15)","(41, 7)"
theta_star,0.00027108300128020346,10.63014581273465,2,10,"(48, 15)","(41, 7)"
jps,0.0009364580037072301,10.899494936611667,5,5,"(48, 15)","(41, 7)"
lazy_theta_star,0.00019383302424103022,10.63014581273465,2,10,"(48, 15)","(41, 7)"
a_star,0.0028600830119103193,36.14213562373095,33,198,"(48, 21)","(22, 5)"
dijkstra,0.01238454200210981,36.142135623730944,33,864,"(48, 21)","(22, 5)"
theta_star,0.0019150410080328584,33.573838116251764,3,87,"(48, 21)","(22, 5)"
jps,0.0026024160033557564,35.55634918610405,7,11,"(48, 21)","(22, 5)"
lazy_theta_star,0.0016908750112634152,33.573838116251764,3,87,"(48, 21)","(22, 5)"
a_star,0.000755374989239499,13.828427124746192,14,56,"(37, 19)","(26, 15)"
dijkstra,0.005480833002366126,13.828427124746192,14,382,"(37, 19)","(26, 15)"
theta_star,0.0010066659888252616,13.47213595499958,3,52,"(37, 19)","(26, 15)"
jps,0.0009898749995045364,13.242640687119286,5,5,"(37, 19)","(26, 15)"
lazy_theta_star,0.0009442500013392419,13.47213595499958,3,52,"(37, 19)","(26, 15)"
a_star,0.00037637498462572694,16.82842712474619,17,25,"(34, 11)","(34, 27)"
dijkstra,0.008756708004511893,16.82842712474619,17,586,"(34, 11)","(34, 27)"
theta_star,0.00043654197361320257,16.126452950002893,3,21,"(34, 11)","(34, 27)"
jps,0.0010634170030243695,16.82842712474619,6,6,"(34, 11)","(34, 27)"
lazy_theta_star,0.000602291984250769,16.17849076375508,4,30,"(34, 11)","(34, 27)"
a_star,0.0034727499878499657,34.14213562373095,31,244,"(14, 2)","(11, 27)"
dijkstra,0.015376584022305906,34.14213562373095,31,1033,"(14, 2)","(11, 27)"
theta_star,0.004476458998396993,32.8488578017961,5,225,"(14, 2)","(11, 27)"
jps,0.004169499996351078,33.55634918610404,8,23,"(14, 2)","(11, 27)"
lazy_theta_star,0.00448737500119023,32.8488578017961,5,226,"(14, 2)","(11, 27)"
a_star,0.004943415988236666,39.21320343559643,34,314,"(33, 4)","(10, 29)"
dijkstra,0.018727540998952463,39.21320343559643,34,1290,"(33, 4)","(10, 29)"
theta_star,0.004363957996247336,36.86583366069234,4,207,"(33, 4)","(10, 29)"
jps,0.005063917022198439,38.04163056034262,11,27,"(33, 4)","(10, 29)"
lazy_theta_star,0.004404916981002316,36.86583366069234,4,211,"(33, 4)","(10, 29)"
a_star,0.0001254590169992298,6.82842712474619,7,10,"(27, 15)","(33, 13)"
dijkstra,0.0010400419996585697,6.82842712474619,7,75,"(27, 15)","(33, 13)"
theta_star,0.00013679199037142098,6.324555320336759,2,7,"(27, 15)","(33, 13)"
jps,0.0002630829985719174,6.82842712474619,3,3,"(27, 15)","(33, 13)"
lazy_theta_star,0.00011579098645597696,6.324555320336759,2,7,"(27, 15)","(33, 13)"
a_star,0.00013191602192819118,8.0,9,9,"(12, 28)","(20, 28)"
dijkstra,0.0013820839812979102,8.0,9,101,"(12, 28)","(20, 28)"
theta_star,0.00022845898638479412,8.0,2,9,"(12, 28)","(20, 28)"
jps,0.00022995797917246819,8.0,2,2,"(12, 28)","(20, 28)"
lazy_theta_star,0.00016829199739731848,8.0,2,9,"(12, 28)","(20, 28)"
a_star,0.002045125002041459,23.07106781186548,22,141,"(15, 4)","(35, 10)"
dijkstra,0.006979333003982902,23.071067811865476,22,496,"(15, 4)","(35, 10)"
theta_star,0.0018985000206157565,21.615528128088304,3,82,"(15, 4)","(35, 10)"
jps,0.0010260419803671539,22.48528137423857,4,4,"(15, 4)","(35, 10)"
lazy_theta_star,0.0017553750076331198,21.615528128088304,3,82,"(15, 4)","(35, 10)"
a_star,0.0003794590011239052,7.82842712474619,8,26,"(40, 14)","(44, 13)"
dijkstra,0.0019526249961927533,7.82842712474619,8,134,"(40, 14)","(44, 13)"
theta_star,0.0004501249932218343,6.65685424949238,4,24,"(40, 14)","(44, 13)"
jps,0.0007134589832276106,6.65685424949238,4,5,"(40, 14)","(44, 13)"
lazy_theta_star,0.00043120799819007516,6.65685424949238,4,23,"(40, 14)","(44, 13)"
a_star,0.00028758301050402224,14.828427124746192,15,21,"(34, 14)","(34, 28)"
dijkstra,0.006955249991733581,14.828427124746192,15,474,"(34, 14)","(34, 28)"
theta_star,0.0004612090124282986,14.39834563766817,4,23,"(34, 14)","(34, 28)"
jps,0.001400417007971555,14.828427124746192,6,8,"(34, 14)","(34, 28)"
lazy_theta_star,0.0004504169919528067,14.261297173761164,4,23,"(34, 14)","(34, 28)"
a_star,0.004132915986701846,32.31370849898477,30,268,"(26, 3)","(7, 1)"
dijkstra,0.017843667010311037,32.31370849898477,30,1181,"(26, 3)","(7, 1)"
theta_star,0.005495791992871091,31.19803902718557,4,254,"(26, 3)","(7, 1)"
jps,0.004437374998815358,31.14213562373095,8,18,"(26, 3)","(7, 1)"
lazy_theta_star,0.005219250015215948,31.19803902718557,4,255,"(26, 3)","(7, 1)"
a_star,0.00011258301674388349,6.242640687119285,6,8,"(6, 24)","(9, 29)"
dijkstra,0.0014692919794470072,6.242640687119285,6,102,"(6, 24)","(9, 29)"
theta_star,0.00012099999003112316,5.830951894845301,2,6,"(6, 24)","(9, 29)"
jps,0.0010320830042473972,6.242640687119285,4,4,"(6, 24)","(9, 29)"
lazy_theta_star,0.00010504201054573059,5.830951894845301,2,6,"(6, 24)","(9, 29)"
a_star,0.004197041998850182,42.284271247461895,35,286,"(45, 26)","(14, 3)"
dijkstra,0.01619004100211896,42.284271247461895,35,1131,"(45, 26)","(14, 3)"
theta_star,0.002947041008155793,39.66668727789328,5,136,"(45, 26)","(14, 3)"
jps,0.004627707996405661,41.11269837220809,14,21,"(45, 26)","(14, 3)"
lazy_theta_star,0.002941333979833871,39.66668727789328,5,140,"(45, 26)","(14, 3)"
a_star,0.00037087497184984386,11.485281374238571,10,26,"(46, 12)","(40, 3)"
dijkstra,0.0035520829842425883,11.485281374238571,10,229,"(46, 12)","(40, 3)"
theta_star,0.0002488750033080578,10.816653826391969,2,10,"(46, 12)","(40, 3)"
jps,0.000984916987363249,11.485281374238571,5,5,"(46, 12)","(40, 3)"
lazy_theta_star,0.00019670798792503774,10.816653826391969,2,10,"(46, 12)","(40, 3)"
a_star,0.00640800001565367,45.48528137423857,44,405,"(3, 16)","(45, 13)"
dijkstra,0.016981624998152256,45.48528137423857,44,1181,"(3, 16)","(45, 13)"
theta_star,0.00846933398861438,43.53982083362655,3,353,"(3, 16)","(45, 13)"
jps,0.008026624971535057,44.89949493661166,9,38,"(3, 16)","(45, 13)"
lazy_theta_star,0.008167708991095424,43.53982083362655,3,335,"(3, 16)","(45, 13)"
a_star,0.0018844579753931612,18.82842712474619,19,137,"(21, 10)","(8, 5)"
dijkstra,0.009799708001082763,18.82842712474619,19,674,"(21, 10)","(8, 5)"
theta_star,0.0026186670002061874,18.245040190466597,4,130,"(21, 10)","(8, 5)"
jps,0.002458583010593429,18.242640687119287,5,11,"(21, 10)","(8, 5)"
lazy_theta_star,0.0027207079983782023,18.245040190466597,4,131,"(21, 10)","(8, 5)"
a_star,0.000289541989332065,18.0,19,19,"(25, 2)","(43, 2)"
dijkstra,0.005978291999781504,18.0,19,420,"(25, 2)","(43, 2)"
theta_star,0.0005128330085426569,18.0,2,19,"(25, 2)","(43, 2)"
jps,0.00025675000506453216,18.0,2,2,"(25, 2)","(43, 2)"
lazy_theta_star,0.00038441698416136205,18.0,2,19,"(25, 2)","(43, 2)"
a_star,0.0002632919931784272,15.414213562373096,16,16,"(1, 20)","(16, 21)"
dijkstra,0.004117542004678398,15.414213562373096,16,291,"(1, 20)","(16, 21)"
theta_star,0.00032970801112242043,15.033296378372908,2,16,"(1, 20)","(16, 21)"
jps,0.00048483299906365573,15.414213562373096,3,3,"(1, 20)","(16, 21)"
lazy_theta_star,0.000298625003779307,15.033296378372908,2,16,"(1, 20)","(16, 21)"
a_star,0.000791583996033296,18.65685424949238,18,56,"(29, 18)","(27, 5)"
dijkstra,0.00960862499778159,18.65685424949238,18,655,"(29, 18)","(27, 5)"
theta_star,0.0010220409894827753,18.099019513592786,4,53,"(29, 18)","(27, 5)"
jps,0.0017046669963747263,18.071067811865476,8,11,"(29, 18)","(27, 5)"
lazy_theta_star,0.0011682500189635903,18.099019513592786,4,57,"(29, 18)","(27, 5)"
a_star,0.00333333300659433,35.21320343559643,30,234,"(17, 6)","(1, 28)"
dijkstra,0.01820070800022222,35.21320343559643,30,1237,"(17, 6)","(1, 28)"
theta_star,0.002312416007043794,32.389703525417474,5,117,"(17, 6)","(1, 28)"
jps,0.002749750012299046,34.04163056034262,9,15,"(17, 6)","(1, 28)"
lazy_theta_star,0.0023520409886259586,32.486997439321854,6,121,"(17, 6)","(1, 28)"
a_star,0.00025091602583415806,17.48528137423857,16,20,"(26, 21)","(41, 27)"
dijkstra,0.008609916985733435,17.48528137423857,16,591,"(26, 21)","(41, 27)"
theta_star,0.0004257079854141921,17.485281374238568,3,22,"(26, 21)","(41, 27)"
jps,0.0012152080016676337,17.48528137423857,6,6,"(26, 21)","(41, 27)"
lazy_theta_star,0.0004098750068806112,17.485281374238568,3,23,"(26, 21)","(41, 27)"
a_star,0.002373749972321093,30.55634918610405,27,162,"(29, 26)","(43, 3)"
dijkstra,0.017565042013302445,30.55634918610405,27,1164,"(29, 26)","(43, 3)"
theta_star,0.0013360410230234265,28.248863161037384,3,55,"(29, 26)","(43, 3)"
jps,0.0031159170030150563,29.970562748477143,9,14,"(29, 26)","(43, 3)"
lazy_theta_star,0.0011220829910598695,28.248863161037384,3,56,"(29, 26)","(43, 3)"
a_star,0.002627582987770438,29.55634918610405,26,183,"(16, 28)","(41, 17)"
dijkstra,0.013810542004648596,29.556349186104054,26,943,"(16, 28)","(41, 17)"
theta_star,0.002181499992730096,27.89417675346202,3,94,"(16, 28)","(41, 17)"
jps,0.0034167080011684448,29.556349186104047,8,18,"(16, 28)","(41, 17)"
lazy_theta_star,0.0019244159921072423,27.89417675346202,3,94,"(16, 28)","(41, 17)"
a_star,0.004212250001728535,35.55634918610404,32,297,"(35, 11)","(8, 26)"
dijkstra,0.01840691699180752,35.55634918610404,32,1251,"(35, 11)","(8, 26)"
theta_star,0.003280666016507894,32.96508826091129,4,159,"(35, 11)","(8, 26)"
jps,0.006461708020651713,34.384776310850235,10,37,"(35, 11)","(8, 26)"
lazy_theta_star,0.0032596249948255718,32.96508826091129,4,160,"(35, 11)","(8, 26)"
a_star,0.0052357499953359365,43.970562748477136,40,356,"(3, 26)","(42, 14)"
dijkstra,0.01630037499126047,43.970562748477136,40,1115,"(3, 26)","(42, 14)"
theta_star,0.0017337920144200325,40.957147067485614,3,74,"(3, 26)","(42, 14)"
jps,0.007736792002106085,43.97056274847714,10,40,"(3, 26)","(42, 14)"
lazy_theta_star,0.0016375829873140901,41.03240514964149,3,78,"(3, 26)","(42, 14)"
a_star,0.0015100000018719584,26.142135623730955,23,110,"(31, 20)","(17, 2)"
dijkstra,0.016696958016837016,26.142135623730955,23,1094,"(31, 20)","(17, 2)"
theta_star,0.0010639170068316162,24.175818121726977,3,49,"(31, 20)","(17, 2)"
jps,0.002167708007618785,25.556349186104047,7,15,"(31, 20)","(17, 2)"
lazy_theta_star,0.0010303340095560998,24.168718463110757,3,52,"(31, 20)","(17, 2)"
a_star,0.0011206249764654785,27.899494936611667,26,85,"(7, 2)","(25, 6)"
dijkstra,0.006838459026766941,27.899494936611667,26,488,"(7, 2)","(25, 6)"
theta_star,0.00164433300960809,27.290612269158363,4,86,"(7, 2)","(25, 6)"
jps,0.001825749990530312,27.313708498984763,9,9,"(7, 2)","(25, 6)"
lazy_theta_star,0.0016052499995566905,27.290612269158363,4,87,"(7, 2)","(25, 6)"
a_star,0.0014740829938091338,29.656854249492383,29,105,"(31, 8)","(3, 10)"
dijkstra,0.016533166985027492,29.656854249492383,29,1103,"(31, 8)","(3, 10)"
theta_star,0.002198417001636699,28.596384664853737,5,104,"(31, 8)","(3, 10)"
jps,0.0018349999736528844,29.656854249492383,8,8,"(31, 8)","(3, 10)"
lazy_theta_star,0.0018055420077871531,28.443079217652166,5,87,"(31, 8)","(3, 10)"
a_star,0.00043474999256432056,12.071067811865476,11,30,"(22, 8)","(32, 3)"
dijkstra,0.004605333000654355,12.071067811865477,11,318,"(22, 8)","(32, 3)"
theta_star,0.0003415409883018583,11.180339887498949,2,14,"(22, 8)","(32, 3)"
jps,0.0005887919978704304,12.071067811865476,3,3,"(22, 8)","(32, 3)"
lazy_theta_star,0.000276540988124907,11.180339887498949,2,14,"(22, 8)","(32, 3)"
a_star,0.0004897080070804805,12.242640687119286,12,33,"(26, 20)","(15, 17)"
dijkstra,0.004219875001581386,12.242640687119286,12,298,"(26, 20)","(15, 17)"
theta_star,0.00028120900969952345,11.40175425099138,2,12,"(26, 20)","(15, 17)"
jps,0.0006646669935435057,12.242640687119286,4,5,"(26, 20)","(15, 17)"
lazy_theta_star,0.0002548749907873571,11.40175425099138,2,12,"(26, 20)","(15, 17)"
a_star,0.005890916014323011,34.72792206135786,32,399,"(8, 25)","(16, 1)"
dijkstra,0.013769874989520758,34.72792206135786,32,958,"(8, 25)","(16, 1)"
theta_star,0.00741920797736384,32.5326262978728,5,340,"(8, 25)","(16, 1)"
jps,0.0059564170078374445,33.55634918610404,10,29,"(8, 25)","(16, 1)"
lazy_theta_star,0.00731754201115109,32.5326262978728,5,342,"(8, 25)","(16, 1)"
a_star,0.005114958999911323,38.970562748477136,35,349,"(35, 7)","(5, 23)"
dijkstra,0.018541749974247068,38.970562748477136,35,1276,"(35, 7)","(5, 23)"
theta_star,0.003086125012487173,36.26036218993583,4,147,"(35, 7)","(5, 23)"
jps,0.006329583004117012,37.798989873223334,13,32,"(35, 7)","(5, 23)"
lazy_theta_star,0.004015749989775941,36.26036218993583,4,190,"(35, 7)","(5, 23)"
a_star,0.0009152919810730964,21.656854249492383,21,68,"(3, 20)","(23, 24)"
dijkstra,0.006990124995354563,21.656854249492383,21,491,"(3, 20)","(23, 24)"
theta_star,0.0008917499799281359,20.654177916269205,3,43,"(3, 20)","(23, 24)"
jps,0.0015117909933906049,21.656854249492383,6,9,"(3, 20)","(23, 24)"
lazy_theta_star,0.0007744999893475324,20.654177916269205,3,43,"(3, 20)","(23, 24)"
a_star,0.0002372919989284128,10.071067811865476,9,16,"(16, 25)","(23, 19)"
dijkstra,0.0022205830027814955,10.071067811865476,9,161,"(16, 25)","(23, 19)"
theta_star,0.00025275000371038914,9.602325267042627,3,13,"(16, 25)","(23, 19)"
jps,0.0008731249836273491,9.485281374238571,6,6,"(16, 25)","(23, 19)"
lazy_theta_star,0.0002969169872812927,9.447170528427769,3,15,"(16, 25)","(23, 19)"
a_star,0.0003384169831406325,17.414213562373096,18,24,"(31, 17)","(36, 4)"
dijkstra,0.008969416987383738,17.414213562373096,18,582,"(31, 17)","(36, 4)"
theta_star,0.0005150829965714365,17.038404810405297,3,24,"(31, 17)","(36, 4)"
jps,0.0009232089796569198,16.82842712474619,6,6,"(31, 17)","(36, 4)"
lazy_theta_star,0.0004364999767858535,17.038404810405297,3,24,"(31, 17)","(36, 4)"
a_star,0.0007464170048478991,43.41421356237309,44,44,"(49, 27)","(6, 28)"
dijkstra,0.014745458000106737,43.41421356237309,44,1034,"(49, 27)","(6, 28)"
theta_star,0.0014523329737130553,43.01162633521314,2,44,"(49, 27)","(6, 28)"
jps,0.0004664169973693788,43.41421356237309,3,3,"(49, 27)","(6, 28)"
lazy_theta_star,0.0009198749903589487,43.01162633521314,2,44,"(49, 27)","(6, 28)"
a_star,0.002318666025530547,29.55634918610405,26,159,"(33, 26)","(12, 11)"
dijkstra,0.01496929200948216,29.55634918610405,26,1023,"(33, 26)","(12, 11)"
theta_star,0.001971207995666191,27.330374630132077,4,97,"(33, 26)","(12, 11)"
jps,0.002929917012806982,28.384776310850235,10,17,"(33, 26)","(12, 11)"
lazy_theta_star,0.0020220000005792826,27.330374630132077,4,102,"(33, 26)","(12, 11)"
a_star,0.0004968749999534339,13.899494936611667,12,36,"(12, 13)","(1, 20)"
dijkstra,0.005058250011643395,13.899494936611667,12,353,"(12, 13)","(1, 20)"
theta_star,0.00034412500099278986,13.038404810405298,2,14,"(12, 13)","(1, 20)"
jps,0.0008005410199984908,13.899494936611664,4,4,"(12, 13)","(1, 20)"
lazy_theta_star,0.0002745829988270998,13.038404810405298,2,14,"(12, 13)","(1, 20)"
a_star,0.0005417499924078584,14.071067811865476,13,37,"(28, 19)","(38, 12)"
dijkstra,0.005650541017530486,14.071067811865476,13,393,"(28, 19)","(38, 12)"
theta_star,0.00042825000127777457,13.01613970031711,3,22,"(28, 19)","(38, 12)"
jps,0.00088825001148507,13.48528137423857,6,6,"(28, 19)","(38, 12)"
lazy_theta_star,0.0004869590047746897,13.01613970031711,3,25,"(28, 19)","(38, 12)"
a_star,0.0017600829887669533,21.89949493661167,20,122,"(38, 18)","(24, 6)"
dijkstra,0.012314542022068053,21.89949493661167,20,808,"(38, 18)","(24, 6)"
theta_star,0.0019192080071661621,20.77032961426901,4,96,"(38, 18)","(24, 6)"
jps,0.0026935420173685998,21.313708498984763,7,14,"(38, 18)","(24, 6)"
lazy_theta_star,0.002014416008023545,20.848857801796104,5,96,"(38, 18)","(24, 6)"
a_star,0.005428459000540897,45.384776310850235,41,353,"(45, 11)","(5, 24)"
dijkstra,0.018027375015662983,45.384776310850235,41,1255,"(45, 11)","(5, 24)"
theta_star,0.0018600829935166985,42.375205915370366,5,84,"(45, 11)","(5, 24)"
jps,0.011186082992935553,45.384776310850235,12,56,"(45, 11)","(5, 24)"
lazy_theta_star,0.0020191250077914447,42.50888938662274,5,97,"(45, 11)","(5, 24)"
a_star,0.0023916249920148402,23.82842712474619,24,171,"(9, 10)","(19, 25)"
dijkstra,0.010172959009651095,23.82842712474619,24,699,"(9, 10)","(19, 25)"
theta_star,0.0028415000124368817,22.42061115414189,5,147,"(9, 10)","(19, 25)"
jps,0.0036269999982323498,22.899494936611667,8,19,"(9, 10)","(19, 25)"
lazy_theta_star,0.0028620000230148435,22.49913934166899,6,144,"(9, 10)","(19, 25)"
a_star,0.0010787079809233546,19.071067811865476,18,72,"(7, 29)","(2, 12)"
dijkstra,0.004805750009836629,19.071067811865476,18,341,"(7, 29)","(2, 12)"
theta_star,0.0005371669831220061,17.72004514666935,2,20,"(7, 29)","(2, 12)"
jps,0.0004567079886328429,19.071067811865476,3,3,"(7, 29)","(2, 12)"
lazy_theta_star,0.00040166699909605086,17.72004514666935,2,20,"(7, 29)","(2, 12)"
a_star,0.00550308299716562,47.38477631085024,43,373,"(6, 16)","(48, 29)"
dijkstra,0.01913308401708491,47.384776310850235,43,1309,"(6, 16)","(48, 29)"
theta_star,0.0020572080102283508,44.01818537932601,3,80,"(6, 16)","(48, 29)"
jps,0.01159445900702849,47.384776310850235,9,55,"(6, 16)","(48, 29)"
lazy_theta_star,0.0016783330065663904,44.01818537932601,3,80,"(6, 16)","(48, 29)"
a_star,0.0004883340152446181,21.82842712474619,22,37,"(42, 6)","(44, 27)"
dijkstra,0.008506208017934114,21.82842712474619,22,590,"(42, 6)","(44, 27)"
theta_star,0.0007650000043213367,21.280109889280517,3,40,"(42, 6)","(44, 27)"
jps,0.001330207975115627,21.82842712474619,5,5,"(42, 6)","(44, 27)"
lazy_theta_star,0.0006530419923365116,21.280109889280517,3,40,"(42, 6)","(44, 27)"
a_star,0.0008997920085676014,19.313708498984763,17,41,"(26, 25)","(42, 17)"
dijkstra,0.008115791017189622,19.313708498984763,17,566,"(26, 25)","(42, 17)"
theta_star,0.0005417499924078584,18.439088914585774,3,27,"(26, 25)","(42, 17)"
jps,0.0011718340101651847,19.313708498984763,6,6,"(26, 25)","(42, 17)"
lazy_theta_star,0.0005232080002315342,18.439088914585774,3,28,"(26, 25)","(42, 17)"
a_star,0.0036788750148843974,32.97056274847714,29,247,"(5, 24)","(24, 3)"
dijkstra,0.011707625002600253,32.97056274847715,29,825,"(5, 24)","(24, 3)"
theta_star,0.0030112079984974116,30.500812904082483,4,149,"(5, 24)","(24, 3)"
jps,0.005380833026720211,31.798989873223334,12,23,"(5, 24)","(24, 3)"
lazy_theta_star,0.003262041980633512,30.500812904082483,4,152,"(5, 24)","(24, 3)"
a_star,0.0016032500134315342,23.89949493661167,22,113,"(6, 4)","(20, 18)"
dijkstra,0.005364666023524478,23.89949493661167,22,386,"(6, 4)","(20, 18)"
theta_star,0.0017852080054581165,22.38457841890971,4,91,"(6, 4)","(20, 18)"
jps,0.0017496669897809625,22.727922061357855,8,9,"(6, 4)","(20, 18)"
lazy_theta_star,0.0017541669949423522,22.38457841890971,4,91,"(6, 4)","(20, 18)"
a_star,0.0018031670188065618,32.72792206135786,30,126,"(1, 10)","(30, 3)"
dijkstra,0.011443291004979983,32.72792206135786,30,793,"(1, 10)","(30, 3)"
theta_star,0.0021719170035794377,31.593418277086162,4,101,"(1, 10)","(30, 3)"
jps,0.0013115000037942082,32.72792206135785,7,7,"(1, 10)","(30, 3)"
lazy_theta_star,0.0020570829801727086,31.593418277086162,4,104,"(1, 10)","(30, 3)"
a_star,0.0015971250250004232,22.72792206135786,20,108,"(40, 10)","(21, 1)"
dijkstra,0.011261082981945947,22.72792206135786,20,748,"(40, 10)","(21, 1)"
theta_star,0.0009007079934235662,21.02379604162864,2,32,"(40, 10)","(21, 1)"
jps,0.0016138339997269213,22.727922061357855,4,6,"(40, 10)","(21, 1)"
lazy_theta_star,0.0006995830044616014,21.02379604162864,2,32,"(40, 10)","(21, 1)"
a_star,0.006016667000949383,52.455844122715696,46,392,"(6, 3)","(46, 24)"
dijkstra,0.018385125003987923,52.4558441227157,46,1282,"(6, 3)","(46, 24)"
theta_star,0.005097957997350022,48.48218146132679,5,239,"(6, 3)","(46, 24)"
jps,0.011762541980715469,51.8700576850888,14,59,"(6, 3)","(46, 24)"
lazy_theta_star,0.0053945829859003425,48.49200449971318,5,237,"(6, 3)","(46, 24)"
a_star,0.0009327919979114085,26.82842712474619,27,65,"(41, 2)","(39, 28)"
dijkstra,0.010020709014497697,26.82842712474619,27,692,"(41, 2)","(39, 28)"
theta_star,0.000782584014814347,26.076809620810597,2,27,"(41, 2)","(39, 28)"
jps,0.0009704590192995965,26.82842712474619,3,4,"(41, 2)","(39, 28)"
lazy_theta_star,0.0005510829796548933,26.076809620810597,2,27,"(41, 2)","(39, 28)"
a_star,0.0003692920145113021,11.485281374238571,10,26,"(30, 28)","(21, 22)"
dijkstra,0.0024897080147638917,11.485281374238571,10,180,"(30, 28)","(21, 22)"
theta_star,0.00024458300322294235,10.816653826391969,2,10,"(30, 28)","(21, 22)"
jps,0.0005926669982727617,11.485281374238571,4,4,"(30, 28)","(21, 22)"
lazy_theta_star,0.00019687501480802894,10.816653826391969,2,10,"(30, 28)","(21, 22)"
a_star,0.0014128750190138817,25.242640687119287,25,94,"(37, 29)","(40, 5)"
dijkstra,0.009589709021383896,25.242640687119287,25,652,"(37, 29)","(40, 5)"
theta_star,0.0008017499931156635,24.186773244895647,2,28,"(37, 29)","(40, 5)"
jps,0.0006086250068619847,25.242640687119284,3,3,"(37, 29)","(40, 5)"
lazy_theta_star,0.0005840840167365968,24.186773244895647,2,28,"(37, 29)","(40, 5)"
a_star,0.002301250002346933,22.0,23,160,"(20, 7)","(14, 23)"
dijkstra,0.010943375003989786,22.0,23,729,"(20, 7)","(14, 23)"
theta_star,0.003357875015353784,22.0,5,169,"(20, 7)","(14, 23)"
jps,0.0045353339810390025,21.414213562373096,6,24,"(20, 7)","(14, 23)"
lazy_theta_star,0.0032367499952670187,22.0,5,168,"(20, 7)","(14, 23)"
a_star,0.0005952090141363442,18.242640687119284,18,44,"(26, 9)","(38, 17)"
dijkstra,0.008582750015193596,18.242640687119284,18,588,"(26, 9)","(38, 17)"
theta_star,0.000662750011542812,17.544003745317532,3,34,"(26, 9)","(38, 17)"
jps,0.0016858330054674298,17.656854249492383,6,7,"(26, 9)","(38, 17)"
lazy_theta_star,0.0006402499857358634,17.544003745317532,3,35,"(26, 9)","(38, 17)"
a_star,0.001203499996336177,21.899494936611667,20,86,"(39, 10)","(20, 17)"
dijkstra,0.010838666989002377,21.899494936611667,20,741,"(39, 10)","(20, 17)"
theta_star,0.0008416670025326312,20.248456731316587,2,35,"(39, 10)","(20, 17)"
jps,0.0023138750111684203,21.899494936611664,8,11,"(39, 10)","(20, 17)"
lazy_theta_star,0.0006045420013833791,20.263824354819736,3,28,"(39, 10)","(20, 17)"
a_star,0.002561707980930805,35.48528137423857,34,179,"(3, 20)","(36, 14)"
dijkstra,0.013353250018553808,35.48528137423857,34,937,"(3, 20)","(36, 14)"
theta_star,0.0020057919900864363,33.608231335660406,4,87,"(3, 20)","(36, 14)"
jps,0.003170458017848432,35.485281374238575,7,17,"(3, 20)","(36, 14)"
lazy_theta_star,0.0015095830021891743,33.608231335660406,4,69,"(3, 20)","(36, 14)"
a_star,0.0037869160005357116,36.04163056034262,30,254,"(44, 5)","(18, 25)"
dijkstra,0.01432458299677819,36.04163056034262,30,977,"(44, 5)","(18, 25)"
theta_star,0.0030430829792749137,33.8309518948453,4,136,"(44, 5)","(18, 25)"
jps,0.004387583001516759,35.45584412271571,13,21,"(44, 5)","(18, 25)"
lazy_theta_star,0.00326079098158516,33.8309518948453,4,141,"(44, 5)","(18, 25)"
a_star,0.006465583021054044,39.55634918610404,36,430,"(19, 4)","(48, 21)"
dijkstra,0.01914645900251344,39.55634918610404,36,1310,"(19, 4)","(48, 21)"
theta_star,0.007182542001828551,36.731839585763346,3,320,"(19, 4)","(48, 21)"
jps,0.00907083399943076,38.97056274847714,10,43,"(19, 4)","(48, 21)"
lazy_theta_star,0.007342083990806714,36.731839585763346,3,320,"(19, 4)","(48, 21)"
a_star,0.0006278329819906503,15.242640687119286,15,46,"(23, 13)","(36, 17)"
dijkstra,0.007647207996342331,15.242640687119286,15,529,"(23, 13)","(36, 17)"
theta_star,0.0007699999841861427,14.401593038096228,3,39,"(23, 13)","(36, 17)"
jps,0.0009718329820316285,14.656854249492381,6,7,"(23, 13)","(36, 17)"
lazy_theta_star,0.0006519160233438015,14.401593038096228,3,35,"(23, 13)","(36, 17)"
a_star,0.001540415978524834,24.656854249492383,24,103,"(38, 27)","(34, 4)"
dijkstra,0.009897832991555333,24.656854249492383,24,683,"(38, 27)","(34, 4)"
theta_star,0.0007710829959250987,23.345235059857504,2,28,"(38, 27)","(34, 4)"
jps,0.00165049999486655,24.65685424949238,7,7,"(38, 27)","(34, 4)"
lazy_theta_star,0.0005873340123798698,23.345235059857504,2,28,"(38, 27)","(34, 4)"
a_star,0.0029852500010747463,37.55634918610405,34,205,"(13, 18)","(46, 7)"
dijkstra,0.018318791990168393,37.55634918610405,34,1220,"(13, 18)","(46, 7)"
theta_star,0.001310957974055782,34.85155569324548,3,52,"(13, 18)","(46, 7)"
jps,0.005337375012459233,37.55634918610404,8,30,"(13, 18)","(46, 7)"
lazy_theta_star,0.0012995830038562417,34.927844366233714,3,57,"(13, 18)","(46, 7)"
a_star,0.0010403750056866556,26.384776310850242,22,77,"(21, 10)","(1, 24)"
dijkstra,0.01702058402588591,26.384776310850242,22,1114,"(21, 10)","(1, 24)"
theta_star,0.000985291990218684,24.947966876011,3,48,"(21, 10)","(1, 24)"
jps,0.0011032499896828085,25.798989873223334,6,6,"(21, 10)","(1, 24)"
lazy_theta_star,0.0011003749968949705,24.947966876011,3,51,"(21, 10)","(1, 24)"
a_star,5.183299072086811e-05,4.242640687119286,4,4,"(16, 26)","(13, 29)"
dijkstra,0.0006870829965919256,4.242640687119286,4,49,"(16, 26)","(13, 29)"
theta_star,6.795799708925188e-05,4.242640687119285,2,4,"(16, 26)","(13, 29)"
jps,0.0002496250090189278,4.242640687119285,2,2,"(16, 26)","(13, 29)"
lazy_theta_star,6.266700802370906e-05,4.242640687119285,2,4,"(16, 26)","(13, 29)"
a_star,0.002616541984025389,31.798989873223338,27,185,"(17, 25)","(39, 7)"
dijkstra,0.01648766701691784,31.798989873223338,27,1122,"(17, 25)","(39, 7)"
theta_star,0.0023232089879456908,29.547539122537117,5,113,"(17, 25)","(39, 7)"
jps,0.0034149590064771473,30.627416997969522,12,20,"(17, 25)","(39, 7)"
lazy_theta_star,0.0031331249920185655,29.904757927077057,6,135,"(17, 25)","(39, 7)"
a_star,0.0011975830129813403,23.313708498984763,21,87,"(16, 11)","(36, 3)"
dijkstra,0.013799042004393414,23.313708498984763,21,929,"(16, 11)","(36, 3)"
theta_star,0.000682291982229799,21.88854381999832,3,27,"(16, 11)","(36, 3)"
jps,0.0018580830073915422,23.31370849898476,6,9,"(16, 11)","(36, 3)"
lazy_theta_star,0.0005568749911617488,21.88854381999832,3,28,"(16, 11)","(36, 3)"
a_star,4.7083012759685516e-05,4.0,5,5,"(11, 9)","(15, 9)"
dijkstra,0.00022958399495109916,4.0,5,17,"(11, 9)","(15, 9)"
theta_star,6.462499732151628e-05,4.0,2,5,"(11, 9)","(15, 9)"
jps,0.0003185829846188426,4.0,2,2,"(11, 9)","(15, 9)"
lazy_theta_star,6.0416990891098976e-05,4.0,2,5,"(11, 9)","(15, 9)"
a_star,0.0011244159832131118,22.071067811865476,21,80,"(7, 21)","(27, 26)"
dijkstra,0.008575415995437652,22.071067811865476,21,572,"(7, 21)","(27, 26)"
theta_star,0.0007134169864002615,20.868227777096056,3,32,"(7, 21)","(27, 26)"
jps,0.002119708980899304,22.071067811865476,6,11,"(7, 21)","(27, 26)"
lazy_theta_star,0.0005877910007257015,20.868227777096056,3,32,"(7, 21)","(27, 26)"
a_star,0.0027302920061629266,29.142135623730958,26,170,"(42, 25)","(17, 15)"
dijkstra,0.012086333008483052,29.142135623730958,26,839,"(42, 25)","(17, 15)"
theta_star,0.0014207909989636391,27.09976633140267,4,63,"(42, 25)","(17, 15)"
jps,0.004051083989907056,29.142135623730955,9,20,"(42, 25)","(17, 15)"
lazy_theta_star,0.0012928750074934214,27.09976633140267,4,63,"(42, 25)","(17, 15)"
